"","infmodel","file","demography","replication","nsam","mu","r","chromlen","tsigma","tsigma_estim"
"1","Free","results/esmc/demographic_scenario_0/rep_0.nsam_20.mu_1e-8.r_1e-8.length_1e6.Free.RDS",0,0,20,1e-08,1e-08,1e+06,1000,1063.40293217596
"2","OneTransition","results/esmc/demographic_scenario_0/rep_0.nsam_20.mu_1e-8.r_1e-8.length_1e6.OneTransition.RDS",0,0,20,1e-08,1e-08,1e+06,1000,702.407962214145
"3","Free","results/esmc/demographic_scenario_0/rep_1.nsam_20.mu_1e-8.r_1e-8.length_1e6.Free.RDS",0,1,20,1e-08,1e-08,1e+06,1000,1113.43299241434
"4","OneTransition","results/esmc/demographic_scenario_0/rep_1.nsam_20.mu_1e-8.r_1e-8.length_1e6.OneTransition.RDS",0,1,20,1e-08,1e-08,1e+06,1000,735.454243730023
"5","Free","results/esmc/demographic_scenario_0/rep_2.nsam_20.mu_1e-8.r_1e-8.length_1e6.Free.RDS",0,2,20,1e-08,1e-08,1e+06,1000,1100.38992499375
"6","OneTransition","results/esmc/demographic_scenario_0/rep_2.nsam_20.mu_1e-8.r_1e-8.length_1e6.OneTransition.RDS",0,2,20,1e-08,1e-08,1e+06,1000,726.838925744043
"7","Free","results/esmc/demographic_scenario_0/rep_3.nsam_20.mu_1e-8.r_1e-8.length_1e6.Free.RDS",0,3,20,1e-08,1e-08,1e+06,1000,1105.7299384632
"8","OneTransition","results/esmc/demographic_scenario_0/rep_3.nsam_20.mu_1e-8.r_1e-8.length_1e6.OneTransition.RDS",0,3,20,1e-08,1e-08,1e+06,1000,730.366156924041
"9","Free","results/esmc/demographic_scenario_0/rep_4.nsam_20.mu_1e-8.r_1e-8.length_1e6.Free.RDS",0,4,20,1e-08,1e-08,1e+06,1000,751.941609873971
"10","OneTransition","results/esmc/demographic_scenario_0/rep_4.nsam_20.mu_1e-8.r_1e-8.length_1e6.OneTransition.RDS",0,4,20,1e-08,1e-08,1e+06,1000,496.678876759205
"11","Free","results/esmc/demographic_scenario_0/rep_5.nsam_20.mu_1e-8.r_1e-8.length_1e6.Free.RDS",0,5,20,1e-08,1e-08,1e+06,1000,1092.32479708353
"12","OneTransition","results/esmc/demographic_scenario_0/rep_5.nsam_20.mu_1e-8.r_1e-8.length_1e6.OneTransition.RDS",0,5,20,1e-08,1e-08,1e+06,1000,1092.32479708353
"13","Free","results/esmc/demographic_scenario_0/rep_6.nsam_20.mu_1e-8.r_1e-8.length_1e6.Free.RDS",0,6,20,1e-08,1e-08,1e+06,1000,1094.00802619768
"14","OneTransition","results/esmc/demographic_scenario_0/rep_6.nsam_20.mu_1e-8.r_1e-8.length_1e6.OneTransition.RDS",0,6,20,1e-08,1e-08,1e+06,1000,722.623499593924
"15","Free","results/esmc/demographic_scenario_0/rep_7.nsam_20.mu_1e-8.r_1e-8.length_1e6.Free.RDS",0,7,20,1e-08,1e-08,1e+06,1000,1124.26566332054
"16","OneTransition","results/esmc/demographic_scenario_0/rep_7.nsam_20.mu_1e-8.r_1e-8.length_1e6.OneTransition.RDS",0,7,20,1e-08,1e-08,1e+06,1000,742.609531783429
"17","Free","results/esmc/demographic_scenario_0/rep_8.nsam_20.mu_1e-8.r_1e-8.length_1e6.Free.RDS",0,8,20,1e-08,1e-08,1e+06,1000,1067.84515591491
"18","OneTransition","results/esmc/demographic_scenario_0/rep_8.nsam_20.mu_1e-8.r_1e-8.length_1e6.OneTransition.RDS",0,8,20,1e-08,1e-08,1e+06,1000,705.342177674499
"19","Free","results/esmc/demographic_scenario_0/rep_9.nsam_20.mu_1e-8.r_1e-8.length_1e6.Free.RDS",0,9,20,1e-08,1e-08,1e+06,1000,1116.20495225599
"20","OneTransition","results/esmc/demographic_scenario_0/rep_9.nsam_20.mu_1e-8.r_1e-8.length_1e6.OneTransition.RDS",0,9,20,1e-08,1e-08,1e+06,1000,737.285202254583
"21","Free","results/esmc/demographic_scenario_1/rep_0.nsam_20.mu_1e-8.r_1e-8.length_1e6.Free.RDS",1,0,20,1e-08,1e-08,1e+06,2000,2539.28572343578
"22","OneTransition","results/esmc/demographic_scenario_1/rep_0.nsam_20.mu_1e-8.r_1e-8.length_1e6.OneTransition.RDS",1,0,20,1e-08,1e-08,1e+06,2000,1677.27063421608
"23","Free","results/esmc/demographic_scenario_1/rep_1.nsam_20.mu_1e-8.r_1e-8.length_1e6.Free.RDS",1,1,20,1e-08,1e-08,1e+06,2000,1664.94862159491
"24","OneTransition","results/esmc/demographic_scenario_1/rep_1.nsam_20.mu_1e-8.r_1e-8.length_1e6.OneTransition.RDS",1,1,20,1e-08,1e-08,1e+06,2000,1664.94862159491
"25","Free","results/esmc/demographic_scenario_1/rep_2.nsam_20.mu_1e-8.r_1e-8.length_1e6.Free.RDS",1,2,20,1e-08,1e-08,1e+06,2000,2534.88439875974
"26","OneTransition","results/esmc/demographic_scenario_1/rep_2.nsam_20.mu_1e-8.r_1e-8.length_1e6.OneTransition.RDS",1,2,20,1e-08,1e-08,1e+06,2000,2534.88439875974
"27","Free","results/esmc/demographic_scenario_1/rep_3.nsam_20.mu_1e-8.r_1e-8.length_1e6.Free.RDS",1,3,20,1e-08,1e-08,1e+06,2000,1622.28964570366
"28","OneTransition","results/esmc/demographic_scenario_1/rep_3.nsam_20.mu_1e-8.r_1e-8.length_1e6.OneTransition.RDS",1,3,20,1e-08,1e-08,1e+06,2000,1622.28964570366
"29","Free","results/esmc/demographic_scenario_1/rep_4.nsam_20.mu_1e-8.r_1e-8.length_1e6.Free.RDS",1,4,20,1e-08,1e-08,1e+06,2000,2430.9721128085
"30","OneTransition","results/esmc/demographic_scenario_1/rep_4.nsam_20.mu_1e-8.r_1e-8.length_1e6.OneTransition.RDS",1,4,20,1e-08,1e-08,1e+06,2000,1605.72640557164
"31","Free","results/esmc/demographic_scenario_1/rep_5.nsam_20.mu_1e-8.r_1e-8.length_1e6.Free.RDS",1,5,20,1e-08,1e-08,1e+06,2000,2529.90242780526
"32","OneTransition","results/esmc/demographic_scenario_1/rep_5.nsam_20.mu_1e-8.r_1e-8.length_1e6.OneTransition.RDS",1,5,20,1e-08,1e-08,1e+06,2000,1671.0726998647
"33","Free","results/esmc/demographic_scenario_1/rep_6.nsam_20.mu_1e-8.r_1e-8.length_1e6.Free.RDS",1,6,20,1e-08,1e-08,1e+06,2000,1681.88201503308
"34","OneTransition","results/esmc/demographic_scenario_1/rep_6.nsam_20.mu_1e-8.r_1e-8.length_1e6.OneTransition.RDS",1,6,20,1e-08,1e-08,1e+06,2000,1110.9310338713
"35","Free","results/esmc/demographic_scenario_1/rep_7.nsam_20.mu_1e-8.r_1e-8.length_1e6.Free.RDS",1,7,20,1e-08,1e-08,1e+06,2000,1666.22893035805
"36","OneTransition","results/esmc/demographic_scenario_1/rep_7.nsam_20.mu_1e-8.r_1e-8.length_1e6.OneTransition.RDS",1,7,20,1e-08,1e-08,1e+06,2000,1666.22893035805
"37","Free","results/esmc/demographic_scenario_1/rep_8.nsam_20.mu_1e-8.r_1e-8.length_1e6.Free.RDS",1,8,20,1e-08,1e-08,1e+06,2000,1665.4955513558
"38","OneTransition","results/esmc/demographic_scenario_1/rep_8.nsam_20.mu_1e-8.r_1e-8.length_1e6.OneTransition.RDS",1,8,20,1e-08,1e-08,1e+06,2000,1100.10730731273
"39","Free","results/esmc/demographic_scenario_1/rep_9.nsam_20.mu_1e-8.r_1e-8.length_1e6.Free.RDS",1,9,20,1e-08,1e-08,1e+06,2000,1630.9606790186
"40","OneTransition","results/esmc/demographic_scenario_1/rep_9.nsam_20.mu_1e-8.r_1e-8.length_1e6.OneTransition.RDS",1,9,20,1e-08,1e-08,1e+06,2000,1630.9606790186
"41","Free","results/esmc/demographic_scenario_2/rep_0.nsam_20.mu_1e-8.r_1e-8.length_1e6.Free.RDS",2,0,20,1e-08,1e-08,1e+06,3000,3698.66311309525
"42","OneTransition","results/esmc/demographic_scenario_2/rep_0.nsam_20.mu_1e-8.r_1e-8.length_1e6.OneTransition.RDS",2,0,20,1e-08,1e-08,1e+06,3000,2443.07246254234
"43","Free","results/esmc/demographic_scenario_2/rep_1.nsam_20.mu_1e-8.r_1e-8.length_1e6.Free.RDS",2,1,20,1e-08,1e-08,1e+06,3000,3759.04358097757
"44","OneTransition","results/esmc/demographic_scenario_2/rep_1.nsam_20.mu_1e-8.r_1e-8.length_1e6.OneTransition.RDS",2,1,20,1e-08,1e-08,1e+06,3000,2482.95548347399
"45","Free","results/esmc/demographic_scenario_2/rep_2.nsam_20.mu_1e-8.r_1e-8.length_1e6.Free.RDS",2,2,20,1e-08,1e-08,1e+06,3000,3782.42802712173
"46","OneTransition","results/esmc/demographic_scenario_2/rep_2.nsam_20.mu_1e-8.r_1e-8.length_1e6.OneTransition.RDS",2,2,20,1e-08,1e-08,1e+06,3000,2498.40157701637
"47","Free","results/esmc/demographic_scenario_2/rep_3.nsam_20.mu_1e-8.r_1e-8.length_1e6.Free.RDS",2,3,20,1e-08,1e-08,1e+06,3000,2587.87517437256
"48","OneTransition","results/esmc/demographic_scenario_2/rep_3.nsam_20.mu_1e-8.r_1e-8.length_1e6.OneTransition.RDS",2,3,20,1e-08,1e-08,1e+06,3000,2587.87517437256
"49","Free","results/esmc/demographic_scenario_2/rep_4.nsam_20.mu_1e-8.r_1e-8.length_1e6.Free.RDS",2,4,20,1e-08,1e-08,1e+06,3000,3743.77221640065
"50","OneTransition","results/esmc/demographic_scenario_2/rep_4.nsam_20.mu_1e-8.r_1e-8.length_1e6.OneTransition.RDS",2,4,20,1e-08,1e-08,1e+06,3000,2472.86831167097
"51","Free","results/esmc/demographic_scenario_2/rep_5.nsam_20.mu_1e-8.r_1e-8.length_1e6.Free.RDS",2,5,20,1e-08,1e-08,1e+06,3000,3661.21469713716
"52","OneTransition","results/esmc/demographic_scenario_2/rep_5.nsam_20.mu_1e-8.r_1e-8.length_1e6.OneTransition.RDS",2,5,20,1e-08,1e-08,1e+06,3000,2418.33671586968
"53","Free","results/esmc/demographic_scenario_2/rep_6.nsam_20.mu_1e-8.r_1e-8.length_1e6.Free.RDS",2,6,20,1e-08,1e-08,1e+06,3000,2546.90205192045
"54","OneTransition","results/esmc/demographic_scenario_2/rep_6.nsam_20.mu_1e-8.r_1e-8.length_1e6.OneTransition.RDS",2,6,20,1e-08,1e-08,1e+06,3000,2546.90205192045
"55","Free","results/esmc/demographic_scenario_2/rep_7.nsam_20.mu_1e-8.r_1e-8.length_1e6.Free.RDS",2,7,20,1e-08,1e-08,1e+06,3000,3721.50689098838
"56","OneTransition","results/esmc/demographic_scenario_2/rep_7.nsam_20.mu_1e-8.r_1e-8.length_1e6.OneTransition.RDS",2,7,20,1e-08,1e-08,1e+06,3000,2458.16142928644
"57","Free","results/esmc/demographic_scenario_2/rep_8.nsam_20.mu_1e-8.r_1e-8.length_1e6.Free.RDS",2,8,20,1e-08,1e-08,1e+06,3000,3709.61330590919
"58","OneTransition","results/esmc/demographic_scenario_2/rep_8.nsam_20.mu_1e-8.r_1e-8.length_1e6.OneTransition.RDS",2,8,20,1e-08,1e-08,1e+06,3000,2450.30537716724
"59","Free","results/esmc/demographic_scenario_2/rep_9.nsam_20.mu_1e-8.r_1e-8.length_1e6.Free.RDS",2,9,20,1e-08,1e-08,1e+06,3000,3743.48926303316
"60","OneTransition","results/esmc/demographic_scenario_2/rep_9.nsam_20.mu_1e-8.r_1e-8.length_1e6.OneTransition.RDS",2,9,20,1e-08,1e-08,1e+06,3000,2472.68141290264
"61","Free","results/esmc/demographic_scenario_3/rep_0.nsam_20.mu_1e-8.r_1e-8.length_1e6.Free.RDS",3,0,20,1e-08,1e-08,1e+06,4000,5243.04526198719
"62","OneTransition","results/esmc/demographic_scenario_3/rep_0.nsam_20.mu_1e-8.r_1e-8.length_1e6.OneTransition.RDS",3,0,20,1e-08,1e-08,1e+06,4000,3463.18091368549
"63","Free","results/esmc/demographic_scenario_3/rep_1.nsam_20.mu_1e-8.r_1e-8.length_1e6.Free.RDS",3,1,20,1e-08,1e-08,1e+06,4000,3728.94203731833
"64","OneTransition","results/esmc/demographic_scenario_3/rep_1.nsam_20.mu_1e-8.r_1e-8.length_1e6.OneTransition.RDS",3,1,20,1e-08,1e-08,1e+06,4000,3728.94203731833
"65","Free","results/esmc/demographic_scenario_3/rep_2.nsam_20.mu_1e-8.r_1e-8.length_1e6.Free.RDS",3,2,20,1e-08,1e-08,1e+06,4000,3707.94714674034
"66","OneTransition","results/esmc/demographic_scenario_3/rep_2.nsam_20.mu_1e-8.r_1e-8.length_1e6.OneTransition.RDS",3,2,20,1e-08,1e-08,1e+06,4000,3707.94714674034
"67","Free","results/esmc/demographic_scenario_3/rep_3.nsam_20.mu_1e-8.r_1e-8.length_1e6.Free.RDS",3,3,20,1e-08,1e-08,1e+06,4000,3861.86573982642
"68","OneTransition","results/esmc/demographic_scenario_3/rep_3.nsam_20.mu_1e-8.r_1e-8.length_1e6.OneTransition.RDS",3,3,20,1e-08,1e-08,1e+06,4000,3861.86573982642
"69","Free","results/esmc/demographic_scenario_3/rep_4.nsam_20.mu_1e-8.r_1e-8.length_1e6.Free.RDS",3,4,20,1e-08,1e-08,1e+06,4000,3683.67058738261
"70","OneTransition","results/esmc/demographic_scenario_3/rep_4.nsam_20.mu_1e-8.r_1e-8.length_1e6.OneTransition.RDS",3,4,20,1e-08,1e-08,1e+06,4000,3683.67058738261
"71","Free","results/esmc/demographic_scenario_3/rep_5.nsam_20.mu_1e-8.r_1e-8.length_1e6.Free.RDS",3,5,20,1e-08,1e-08,1e+06,4000,3618.02751539744
"72","OneTransition","results/esmc/demographic_scenario_3/rep_5.nsam_20.mu_1e-8.r_1e-8.length_1e6.OneTransition.RDS",3,5,20,1e-08,1e-08,1e+06,4000,3618.02751539744
"73","Free","results/esmc/demographic_scenario_3/rep_6.nsam_20.mu_1e-8.r_1e-8.length_1e6.Free.RDS",3,6,20,1e-08,1e-08,1e+06,4000,3558.03282240153
"74","OneTransition","results/esmc/demographic_scenario_3/rep_6.nsam_20.mu_1e-8.r_1e-8.length_1e6.OneTransition.RDS",3,6,20,1e-08,1e-08,1e+06,4000,3558.03282240153
"75","Free","results/esmc/demographic_scenario_3/rep_7.nsam_20.mu_1e-8.r_1e-8.length_1e6.Free.RDS",3,7,20,1e-08,1e-08,1e+06,4000,3666.89229789488
"76","OneTransition","results/esmc/demographic_scenario_3/rep_7.nsam_20.mu_1e-8.r_1e-8.length_1e6.OneTransition.RDS",3,7,20,1e-08,1e-08,1e+06,4000,3666.89229789488
"77","Free","results/esmc/demographic_scenario_3/rep_8.nsam_20.mu_1e-8.r_1e-8.length_1e6.Free.RDS",3,8,20,1e-08,1e-08,1e+06,4000,3797.51756778069
"78","OneTransition","results/esmc/demographic_scenario_3/rep_8.nsam_20.mu_1e-8.r_1e-8.length_1e6.OneTransition.RDS",3,8,20,1e-08,1e-08,1e+06,4000,3797.51756778069
"79","Free","results/esmc/demographic_scenario_3/rep_9.nsam_20.mu_1e-8.r_1e-8.length_1e6.Free.RDS",3,9,20,1e-08,1e-08,1e+06,4000,5615.46856938662
"80","OneTransition","results/esmc/demographic_scenario_3/rep_9.nsam_20.mu_1e-8.r_1e-8.length_1e6.OneTransition.RDS",3,9,20,1e-08,1e-08,1e+06,4000,3709.17712877604
"81","Free","results/esmc/demographic_scenario_4/rep_0.nsam_20.mu_1e-8.r_1e-8.length_1e6.Free.RDS",4,0,20,1e-08,1e-08,1e+06,5000,5508.0387107891
"82","OneTransition","results/esmc/demographic_scenario_4/rep_0.nsam_20.mu_1e-8.r_1e-8.length_1e6.OneTransition.RDS",4,0,20,1e-08,1e-08,1e+06,5000,5508.0387107891
"83","Free","results/esmc/demographic_scenario_4/rep_1.nsam_20.mu_1e-8.r_1e-8.length_1e6.Free.RDS",4,1,20,1e-08,1e-08,1e+06,5000,5626.12888107038
"84","OneTransition","results/esmc/demographic_scenario_4/rep_1.nsam_20.mu_1e-8.r_1e-8.length_1e6.OneTransition.RDS",4,1,20,1e-08,1e-08,1e+06,5000,5626.12888107038
"85","Free","results/esmc/demographic_scenario_4/rep_2.nsam_20.mu_1e-8.r_1e-8.length_1e6.Free.RDS",4,2,20,1e-08,1e-08,1e+06,5000,5511.78889548725
"86","OneTransition","results/esmc/demographic_scenario_4/rep_2.nsam_20.mu_1e-8.r_1e-8.length_1e6.OneTransition.RDS",4,2,20,1e-08,1e-08,1e+06,5000,3640.69374748832
"87","Free","results/esmc/demographic_scenario_4/rep_3.nsam_20.mu_1e-8.r_1e-8.length_1e6.Free.RDS",4,3,20,1e-08,1e-08,1e+06,5000,5505.06215717808
"88","OneTransition","results/esmc/demographic_scenario_4/rep_3.nsam_20.mu_1e-8.r_1e-8.length_1e6.OneTransition.RDS",4,3,20,1e-08,1e-08,1e+06,5000,5505.06215717808
"89","Free","results/esmc/demographic_scenario_4/rep_4.nsam_20.mu_1e-8.r_1e-8.length_1e6.Free.RDS",4,4,20,1e-08,1e-08,1e+06,5000,5396.00088357981
"90","OneTransition","results/esmc/demographic_scenario_4/rep_4.nsam_20.mu_1e-8.r_1e-8.length_1e6.OneTransition.RDS",4,4,20,1e-08,1e-08,1e+06,5000,3564.21246364767
"91","Free","results/esmc/demographic_scenario_4/rep_5.nsam_20.mu_1e-8.r_1e-8.length_1e6.Free.RDS",4,5,20,1e-08,1e-08,1e+06,5000,5777.13725897287
"92","OneTransition","results/esmc/demographic_scenario_4/rep_5.nsam_20.mu_1e-8.r_1e-8.length_1e6.OneTransition.RDS",4,5,20,1e-08,1e-08,1e+06,5000,3815.96390862227
"93","Free","results/esmc/demographic_scenario_4/rep_6.nsam_20.mu_1e-8.r_1e-8.length_1e6.Free.RDS",4,6,20,1e-08,1e-08,1e+06,5000,5126.50689067265
"94","OneTransition","results/esmc/demographic_scenario_4/rep_6.nsam_20.mu_1e-8.r_1e-8.length_1e6.OneTransition.RDS",4,6,20,1e-08,1e-08,1e+06,5000,5126.50689067265
"95","Free","results/esmc/demographic_scenario_4/rep_7.nsam_20.mu_1e-8.r_1e-8.length_1e6.Free.RDS",4,7,20,1e-08,1e-08,1e+06,5000,5218.35106243162
"96","OneTransition","results/esmc/demographic_scenario_4/rep_7.nsam_20.mu_1e-8.r_1e-8.length_1e6.OneTransition.RDS",4,7,20,1e-08,1e-08,1e+06,5000,5218.35106243161
"97","Free","results/esmc/demographic_scenario_4/rep_8.nsam_20.mu_1e-8.r_1e-8.length_1e6.Free.RDS",4,8,20,1e-08,1e-08,1e+06,5000,5299.36730900064
"98","OneTransition","results/esmc/demographic_scenario_4/rep_8.nsam_20.mu_1e-8.r_1e-8.length_1e6.OneTransition.RDS",4,8,20,1e-08,1e-08,1e+06,5000,5299.36730900064
"99","Free","results/esmc/demographic_scenario_4/rep_9.nsam_20.mu_1e-8.r_1e-8.length_1e6.Free.RDS",4,9,20,1e-08,1e-08,1e+06,5000,3700.06185129056
"100","OneTransition","results/esmc/demographic_scenario_4/rep_9.nsam_20.mu_1e-8.r_1e-8.length_1e6.OneTransition.RDS",4,9,20,1e-08,1e-08,1e+06,5000,3700.06185129056
"101","Free","results/esmc/demographic_scenario_5/rep_0.nsam_20.mu_1e-8.r_1e-8.length_1e6.Free.RDS",5,0,20,1e-08,1e-08,1e+06,6000,8220.6459190823
"102","OneTransition","results/esmc/demographic_scenario_5/rep_0.nsam_20.mu_1e-8.r_1e-8.length_1e6.OneTransition.RDS",5,0,20,1e-08,1e-08,1e+06,6000,5429.9710611962
"103","Free","results/esmc/demographic_scenario_5/rep_1.nsam_20.mu_1e-8.r_1e-8.length_1e6.Free.RDS",5,1,20,1e-08,1e-08,1e+06,6000,5399.0981017337
"104","OneTransition","results/esmc/demographic_scenario_5/rep_1.nsam_20.mu_1e-8.r_1e-8.length_1e6.OneTransition.RDS",5,1,20,1e-08,1e-08,1e+06,6000,5399.0981017337
"105","Free","results/esmc/demographic_scenario_5/rep_2.nsam_20.mu_1e-8.r_1e-8.length_1e6.Free.RDS",5,2,20,1e-08,1e-08,1e+06,6000,5796.70492150953
"106","OneTransition","results/esmc/demographic_scenario_5/rep_2.nsam_20.mu_1e-8.r_1e-8.length_1e6.OneTransition.RDS",5,2,20,1e-08,1e-08,1e+06,6000,5796.70492150953
"107","Free","results/esmc/demographic_scenario_5/rep_3.nsam_20.mu_1e-8.r_1e-8.length_1e6.Free.RDS",5,3,20,1e-08,1e-08,1e+06,6000,5754.83087843416
"108","OneTransition","results/esmc/demographic_scenario_5/rep_3.nsam_20.mu_1e-8.r_1e-8.length_1e6.OneTransition.RDS",5,3,20,1e-08,1e-08,1e+06,6000,5754.83087843415
"109","Free","results/esmc/demographic_scenario_5/rep_4.nsam_20.mu_1e-8.r_1e-8.length_1e6.Free.RDS",5,4,20,1e-08,1e-08,1e+06,6000,5808.32941314121
"110","OneTransition","results/esmc/demographic_scenario_5/rep_4.nsam_20.mu_1e-8.r_1e-8.length_1e6.OneTransition.RDS",5,4,20,1e-08,1e-08,1e+06,6000,5808.32941314121
"111","Free","results/esmc/demographic_scenario_5/rep_5.nsam_20.mu_1e-8.r_1e-8.length_1e6.Free.RDS",5,5,20,1e-08,1e-08,1e+06,6000,8428.33951215734
"112","OneTransition","results/esmc/demographic_scenario_5/rep_5.nsam_20.mu_1e-8.r_1e-8.length_1e6.OneTransition.RDS",5,5,20,1e-08,1e-08,1e+06,6000,5567.15860230845
"113","Free","results/esmc/demographic_scenario_5/rep_6.nsam_20.mu_1e-8.r_1e-8.length_1e6.Free.RDS",5,6,20,1e-08,1e-08,1e+06,6000,5581.29406516848
"114","OneTransition","results/esmc/demographic_scenario_5/rep_6.nsam_20.mu_1e-8.r_1e-8.length_1e6.OneTransition.RDS",5,6,20,1e-08,1e-08,1e+06,6000,5581.29406516848
"115","Free","results/esmc/demographic_scenario_5/rep_7.nsam_20.mu_1e-8.r_1e-8.length_1e6.Free.RDS",5,7,20,1e-08,1e-08,1e+06,6000,5744.95738336407
"116","OneTransition","results/esmc/demographic_scenario_5/rep_7.nsam_20.mu_1e-8.r_1e-8.length_1e6.OneTransition.RDS",5,7,20,1e-08,1e-08,1e+06,6000,5744.95738336407
"117","Free","results/esmc/demographic_scenario_5/rep_8.nsam_20.mu_1e-8.r_1e-8.length_1e6.Free.RDS",5,8,20,1e-08,1e-08,1e+06,6000,8445.38650636844
"118","OneTransition","results/esmc/demographic_scenario_5/rep_8.nsam_20.mu_1e-8.r_1e-8.length_1e6.OneTransition.RDS",5,8,20,1e-08,1e-08,1e+06,6000,5578.41862812124
"119","Free","results/esmc/demographic_scenario_5/rep_9.nsam_20.mu_1e-8.r_1e-8.length_1e6.Free.RDS",5,9,20,1e-08,1e-08,1e+06,6000,5742.41681580645
"120","OneTransition","results/esmc/demographic_scenario_5/rep_9.nsam_20.mu_1e-8.r_1e-8.length_1e6.OneTransition.RDS",5,9,20,1e-08,1e-08,1e+06,6000,5742.41681580645
"121","Free","results/esmc/demographic_scenario_6/rep_0.nsam_20.mu_1e-8.r_1e-8.length_1e6.Free.RDS",6,0,20,1e-08,1e-08,1e+06,7000,5360.07552552783
"122","OneTransition","results/esmc/demographic_scenario_6/rep_0.nsam_20.mu_1e-8.r_1e-8.length_1e6.OneTransition.RDS",6,0,20,1e-08,1e-08,1e+06,7000,5360.07552552783
"123","Free","results/esmc/demographic_scenario_6/rep_1.nsam_20.mu_1e-8.r_1e-8.length_1e6.Free.RDS",6,1,20,1e-08,1e-08,1e+06,7000,8291.11485744183
"124","OneTransition","results/esmc/demographic_scenario_6/rep_1.nsam_20.mu_1e-8.r_1e-8.length_1e6.OneTransition.RDS",6,1,20,1e-08,1e-08,1e+06,7000,5476.51780457524
"125","Free","results/esmc/demographic_scenario_6/rep_2.nsam_20.mu_1e-8.r_1e-8.length_1e6.Free.RDS",6,2,20,1e-08,1e-08,1e+06,7000,8419.5058162815
"126","OneTransition","results/esmc/demographic_scenario_6/rep_2.nsam_20.mu_1e-8.r_1e-8.length_1e6.OneTransition.RDS",6,2,20,1e-08,1e-08,1e+06,7000,5561.32369426821
"127","Free","results/esmc/demographic_scenario_6/rep_3.nsam_20.mu_1e-8.r_1e-8.length_1e6.Free.RDS",6,3,20,1e-08,1e-08,1e+06,7000,8266.16070485034
"128","OneTransition","results/esmc/demographic_scenario_6/rep_3.nsam_20.mu_1e-8.r_1e-8.length_1e6.OneTransition.RDS",6,3,20,1e-08,1e-08,1e+06,7000,5460.03487516042
"129","Free","results/esmc/demographic_scenario_6/rep_4.nsam_20.mu_1e-8.r_1e-8.length_1e6.Free.RDS",6,4,20,1e-08,1e-08,1e+06,7000,7997.42038789707
"130","OneTransition","results/esmc/demographic_scenario_6/rep_4.nsam_20.mu_1e-8.r_1e-8.length_1e6.OneTransition.RDS",6,4,20,1e-08,1e-08,1e+06,7000,7997.42038789707
"131","Free","results/esmc/demographic_scenario_6/rep_5.nsam_20.mu_1e-8.r_1e-8.length_1e6.Free.RDS",6,5,20,1e-08,1e-08,1e+06,7000,7977.64158457578
"132","OneTransition","results/esmc/demographic_scenario_6/rep_5.nsam_20.mu_1e-8.r_1e-8.length_1e6.OneTransition.RDS",6,5,20,1e-08,1e-08,1e+06,7000,7977.64158457578
"133","Free","results/esmc/demographic_scenario_6/rep_6.nsam_20.mu_1e-8.r_1e-8.length_1e6.Free.RDS",6,6,20,1e-08,1e-08,1e+06,7000,8712.64696964423
"134","OneTransition","results/esmc/demographic_scenario_6/rep_6.nsam_20.mu_1e-8.r_1e-8.length_1e6.OneTransition.RDS",6,6,20,1e-08,1e-08,1e+06,7000,5754.95178569475
"135","Free","results/esmc/demographic_scenario_6/rep_7.nsam_20.mu_1e-8.r_1e-8.length_1e6.Free.RDS",6,7,20,1e-08,1e-08,1e+06,7000,8064.38913365511
"136","OneTransition","results/esmc/demographic_scenario_6/rep_7.nsam_20.mu_1e-8.r_1e-8.length_1e6.OneTransition.RDS",6,7,20,1e-08,1e-08,1e+06,7000,8064.38913365511
"137","Free","results/esmc/demographic_scenario_6/rep_8.nsam_20.mu_1e-8.r_1e-8.length_1e6.Free.RDS",6,8,20,1e-08,1e-08,1e+06,7000,8319.3818688922
"138","OneTransition","results/esmc/demographic_scenario_6/rep_8.nsam_20.mu_1e-8.r_1e-8.length_1e6.OneTransition.RDS",6,8,20,1e-08,1e-08,1e+06,7000,5495.18897174055
"139","Free","results/esmc/demographic_scenario_6/rep_9.nsam_20.mu_1e-8.r_1e-8.length_1e6.Free.RDS",6,9,20,1e-08,1e-08,1e+06,7000,7854.20249072618
"140","OneTransition","results/esmc/demographic_scenario_6/rep_9.nsam_20.mu_1e-8.r_1e-8.length_1e6.OneTransition.RDS",6,9,20,1e-08,1e-08,1e+06,7000,7854.20249072619
"141","Free","results/esmc/demographic_scenario_7/rep_0.nsam_20.mu_1e-8.r_1e-8.length_1e6.Free.RDS",7,0,20,1e-08,1e-08,1e+06,8000,7858.85982078268
"142","OneTransition","results/esmc/demographic_scenario_7/rep_0.nsam_20.mu_1e-8.r_1e-8.length_1e6.OneTransition.RDS",7,0,20,1e-08,1e-08,1e+06,8000,7858.85982078268
"143","Free","results/esmc/demographic_scenario_7/rep_1.nsam_20.mu_1e-8.r_1e-8.length_1e6.Free.RDS",7,1,20,1e-08,1e-08,1e+06,8000,7893.87681592399
"144","OneTransition","results/esmc/demographic_scenario_7/rep_1.nsam_20.mu_1e-8.r_1e-8.length_1e6.OneTransition.RDS",7,1,20,1e-08,1e-08,1e+06,8000,7893.87681592399
"145","Free","results/esmc/demographic_scenario_7/rep_2.nsam_20.mu_1e-8.r_1e-8.length_1e6.Free.RDS",7,2,20,1e-08,1e-08,1e+06,8000,8375.67711620228
"146","OneTransition","results/esmc/demographic_scenario_7/rep_2.nsam_20.mu_1e-8.r_1e-8.length_1e6.OneTransition.RDS",7,2,20,1e-08,1e-08,1e+06,8000,8375.67711620228
"147","Free","results/esmc/demographic_scenario_7/rep_3.nsam_20.mu_1e-8.r_1e-8.length_1e6.Free.RDS",7,3,20,1e-08,1e-08,1e+06,8000,8373.8032758263
"148","OneTransition","results/esmc/demographic_scenario_7/rep_3.nsam_20.mu_1e-8.r_1e-8.length_1e6.OneTransition.RDS",7,3,20,1e-08,1e-08,1e+06,8000,8373.8032758263
"149","Free","results/esmc/demographic_scenario_7/rep_4.nsam_20.mu_1e-8.r_1e-8.length_1e6.Free.RDS",7,4,20,1e-08,1e-08,1e+06,8000,8040.15793933507
"150","OneTransition","results/esmc/demographic_scenario_7/rep_4.nsam_20.mu_1e-8.r_1e-8.length_1e6.OneTransition.RDS",7,4,20,1e-08,1e-08,1e+06,8000,8040.15793933507
"151","Free","results/esmc/demographic_scenario_7/rep_5.nsam_20.mu_1e-8.r_1e-8.length_1e6.Free.RDS",7,5,20,1e-08,1e-08,1e+06,8000,7877.41395985799
"152","OneTransition","results/esmc/demographic_scenario_7/rep_5.nsam_20.mu_1e-8.r_1e-8.length_1e6.OneTransition.RDS",7,5,20,1e-08,1e-08,1e+06,8000,7877.41395985799
"153","Free","results/esmc/demographic_scenario_7/rep_6.nsam_20.mu_1e-8.r_1e-8.length_1e6.Free.RDS",7,6,20,1e-08,1e-08,1e+06,8000,8595.70147064332
"154","OneTransition","results/esmc/demographic_scenario_7/rep_6.nsam_20.mu_1e-8.r_1e-8.length_1e6.OneTransition.RDS",7,6,20,1e-08,1e-08,1e+06,8000,8595.70147064332
"155","Free","results/esmc/demographic_scenario_7/rep_7.nsam_20.mu_1e-8.r_1e-8.length_1e6.Free.RDS",7,7,20,1e-08,1e-08,1e+06,8000,8013.25747047444
"156","OneTransition","results/esmc/demographic_scenario_7/rep_7.nsam_20.mu_1e-8.r_1e-8.length_1e6.OneTransition.RDS",7,7,20,1e-08,1e-08,1e+06,8000,8013.25747047444
"157","Free","results/esmc/demographic_scenario_7/rep_8.nsam_20.mu_1e-8.r_1e-8.length_1e6.Free.RDS",7,8,20,1e-08,1e-08,1e+06,8000,7894.98564471265
"158","OneTransition","results/esmc/demographic_scenario_7/rep_8.nsam_20.mu_1e-8.r_1e-8.length_1e6.OneTransition.RDS",7,8,20,1e-08,1e-08,1e+06,8000,7894.98564471265
"159","Free","results/esmc/demographic_scenario_7/rep_9.nsam_20.mu_1e-8.r_1e-8.length_1e6.Free.RDS",7,9,20,1e-08,1e-08,1e+06,8000,7965.28239811678
"160","OneTransition","results/esmc/demographic_scenario_7/rep_9.nsam_20.mu_1e-8.r_1e-8.length_1e6.OneTransition.RDS",7,9,20,1e-08,1e-08,1e+06,8000,7965.28239811678
"161","Free","results/esmc/demographic_scenario_8/rep_0.nsam_20.mu_1e-8.r_1e-8.length_1e6.Free.RDS",8,0,20,1e-08,1e-08,1e+06,9000,12222.7192239924
"162","OneTransition","results/esmc/demographic_scenario_8/rep_0.nsam_20.mu_1e-8.r_1e-8.length_1e6.OneTransition.RDS",8,0,20,1e-08,1e-08,1e+06,9000,8073.45460790922
"163","Free","results/esmc/demographic_scenario_8/rep_1.nsam_20.mu_1e-8.r_1e-8.length_1e6.Free.RDS",8,1,20,1e-08,1e-08,1e+06,9000,8293.92865235599
"164","OneTransition","results/esmc/demographic_scenario_8/rep_1.nsam_20.mu_1e-8.r_1e-8.length_1e6.OneTransition.RDS",8,1,20,1e-08,1e-08,1e+06,9000,8293.92865235599
"165","Free","results/esmc/demographic_scenario_8/rep_2.nsam_20.mu_1e-8.r_1e-8.length_1e6.Free.RDS",8,2,20,1e-08,1e-08,1e+06,9000,12542.7655245785
"166","OneTransition","results/esmc/demographic_scenario_8/rep_2.nsam_20.mu_1e-8.r_1e-8.length_1e6.OneTransition.RDS",8,2,20,1e-08,1e-08,1e+06,9000,8284.85431634231
"167","Free","results/esmc/demographic_scenario_8/rep_3.nsam_20.mu_1e-8.r_1e-8.length_1e6.Free.RDS",8,3,20,1e-08,1e-08,1e+06,9000,12559.6604204219
"168","OneTransition","results/esmc/demographic_scenario_8/rep_3.nsam_20.mu_1e-8.r_1e-8.length_1e6.OneTransition.RDS",8,3,20,1e-08,1e-08,1e+06,9000,8296.01387684576
"169","Free","results/esmc/demographic_scenario_8/rep_4.nsam_20.mu_1e-8.r_1e-8.length_1e6.Free.RDS",8,4,20,1e-08,1e-08,1e+06,9000,12568.0740718461
"170","OneTransition","results/esmc/demographic_scenario_8/rep_4.nsam_20.mu_1e-8.r_1e-8.length_1e6.OneTransition.RDS",8,4,20,1e-08,1e-08,1e+06,9000,8301.57133354709
"171","Free","results/esmc/demographic_scenario_8/rep_5.nsam_20.mu_1e-8.r_1e-8.length_1e6.Free.RDS",8,5,20,1e-08,1e-08,1e+06,9000,12248.8557413924
"172","OneTransition","results/esmc/demographic_scenario_8/rep_5.nsam_20.mu_1e-8.r_1e-8.length_1e6.OneTransition.RDS",8,5,20,1e-08,1e-08,1e+06,9000,8090.71852299806
"173","Free","results/esmc/demographic_scenario_8/rep_6.nsam_20.mu_1e-8.r_1e-8.length_1e6.Free.RDS",8,6,20,1e-08,1e-08,1e+06,9000,7666.01287102973
"174","OneTransition","results/esmc/demographic_scenario_8/rep_6.nsam_20.mu_1e-8.r_1e-8.length_1e6.OneTransition.RDS",8,6,20,1e-08,1e-08,1e+06,9000,11605.8772162185
"175","Free","results/esmc/demographic_scenario_8/rep_7.nsam_20.mu_1e-8.r_1e-8.length_1e6.Free.RDS",8,7,20,1e-08,1e-08,1e+06,9000,8139.54099189379
"176","OneTransition","results/esmc/demographic_scenario_8/rep_7.nsam_20.mu_1e-8.r_1e-8.length_1e6.OneTransition.RDS",8,7,20,1e-08,1e-08,1e+06,9000,8139.54099189379
"177","Free","results/esmc/demographic_scenario_8/rep_8.nsam_20.mu_1e-8.r_1e-8.length_1e6.Free.RDS",8,8,20,1e-08,1e-08,1e+06,9000,12324.0508226371
"178","OneTransition","results/esmc/demographic_scenario_8/rep_8.nsam_20.mu_1e-8.r_1e-8.length_1e6.OneTransition.RDS",8,8,20,1e-08,1e-08,1e+06,9000,8140.38701853017
"179","Free","results/esmc/demographic_scenario_8/rep_9.nsam_20.mu_1e-8.r_1e-8.length_1e6.Free.RDS",8,9,20,1e-08,1e-08,1e+06,9000,12082.427394501
"180","OneTransition","results/esmc/demographic_scenario_8/rep_9.nsam_20.mu_1e-8.r_1e-8.length_1e6.OneTransition.RDS",8,9,20,1e-08,1e-08,1e+06,9000,12082.427394501
"181","Free","results/esmc/demographic_scenario_9/rep_0.nsam_20.mu_1e-8.r_1e-8.length_1e6.Free.RDS",9,0,20,1e-08,1e-08,1e+06,10000,10977.0963557885
"182","OneTransition","results/esmc/demographic_scenario_9/rep_0.nsam_20.mu_1e-8.r_1e-8.length_1e6.OneTransition.RDS",9,0,20,1e-08,1e-08,1e+06,10000,10977.0963557885
"183","Free","results/esmc/demographic_scenario_9/rep_1.nsam_20.mu_1e-8.r_1e-8.length_1e6.Free.RDS",9,1,20,1e-08,1e-08,1e+06,10000,12469.3701722821
"184","OneTransition","results/esmc/demographic_scenario_9/rep_1.nsam_20.mu_1e-8.r_1e-8.length_1e6.OneTransition.RDS",9,1,20,1e-08,1e-08,1e+06,10000,8236.37459310417
"185","Free","results/esmc/demographic_scenario_9/rep_2.nsam_20.mu_1e-8.r_1e-8.length_1e6.Free.RDS",9,2,20,1e-08,1e-08,1e+06,10000,11146.1189399775
"186","OneTransition","results/esmc/demographic_scenario_9/rep_2.nsam_20.mu_1e-8.r_1e-8.length_1e6.OneTransition.RDS",9,2,20,1e-08,1e-08,1e+06,10000,11146.1189399775
"187","Free","results/esmc/demographic_scenario_9/rep_3.nsam_20.mu_1e-8.r_1e-8.length_1e6.Free.RDS",9,3,20,1e-08,1e-08,1e+06,10000,12342.030859531
"188","OneTransition","results/esmc/demographic_scenario_9/rep_3.nsam_20.mu_1e-8.r_1e-8.length_1e6.OneTransition.RDS",9,3,20,1e-08,1e-08,1e+06,10000,12342.030859531
"189","Free","results/esmc/demographic_scenario_9/rep_4.nsam_20.mu_1e-8.r_1e-8.length_1e6.Free.RDS",9,4,20,1e-08,1e-08,1e+06,10000,11130.3879976207
"190","OneTransition","results/esmc/demographic_scenario_9/rep_4.nsam_20.mu_1e-8.r_1e-8.length_1e6.OneTransition.RDS",9,4,20,1e-08,1e-08,1e+06,10000,11130.3879976206
"191","Free","results/esmc/demographic_scenario_9/rep_5.nsam_20.mu_1e-8.r_1e-8.length_1e6.Free.RDS",9,5,20,1e-08,1e-08,1e+06,10000,12029.2089710043
"192","OneTransition","results/esmc/demographic_scenario_9/rep_5.nsam_20.mu_1e-8.r_1e-8.length_1e6.OneTransition.RDS",9,5,20,1e-08,1e-08,1e+06,10000,7945.6355673967
"193","Free","results/esmc/demographic_scenario_9/rep_6.nsam_20.mu_1e-8.r_1e-8.length_1e6.Free.RDS",9,6,20,1e-08,1e-08,1e+06,10000,12049.138423496
"194","OneTransition","results/esmc/demographic_scenario_9/rep_6.nsam_20.mu_1e-8.r_1e-8.length_1e6.OneTransition.RDS",9,6,20,1e-08,1e-08,1e+06,10000,12049.138423496
"195","Free","results/esmc/demographic_scenario_9/rep_7.nsam_20.mu_1e-8.r_1e-8.length_1e6.Free.RDS",9,7,20,1e-08,1e-08,1e+06,10000,12420.6624521359
"196","OneTransition","results/esmc/demographic_scenario_9/rep_7.nsam_20.mu_1e-8.r_1e-8.length_1e6.OneTransition.RDS",9,7,20,1e-08,1e-08,1e+06,10000,8204.2017549289
"197","Free","results/esmc/demographic_scenario_9/rep_8.nsam_20.mu_1e-8.r_1e-8.length_1e6.Free.RDS",9,8,20,1e-08,1e-08,1e+06,10000,12112.4986473671
"198","OneTransition","results/esmc/demographic_scenario_9/rep_8.nsam_20.mu_1e-8.r_1e-8.length_1e6.OneTransition.RDS",9,8,20,1e-08,1e-08,1e+06,10000,12112.4986473671
"199","Free","results/esmc/demographic_scenario_9/rep_9.nsam_20.mu_1e-8.r_1e-8.length_1e6.Free.RDS",9,9,20,1e-08,1e-08,1e+06,10000,11274.2081783944
"200","OneTransition","results/esmc/demographic_scenario_9/rep_9.nsam_20.mu_1e-8.r_1e-8.length_1e6.OneTransition.RDS",9,9,20,1e-08,1e-08,1e+06,10000,11274.2081783944
"201","Free","results/esmc/demographic_scenario_10/rep_0.nsam_20.mu_1e-8.r_1e-8.length_1e6.Free.RDS",10,0,20,1e-08,1e-08,1e+06,12000,12284.1118693395
"202","OneTransition","results/esmc/demographic_scenario_10/rep_0.nsam_20.mu_1e-8.r_1e-8.length_1e6.OneTransition.RDS",10,0,20,1e-08,1e-08,1e+06,12000,12284.1118693395
"203","Free","results/esmc/demographic_scenario_10/rep_1.nsam_20.mu_1e-8.r_1e-8.length_1e6.Free.RDS",10,1,20,1e-08,1e-08,1e+06,12000,10603.0265166316
"204","OneTransition","results/esmc/demographic_scenario_10/rep_1.nsam_20.mu_1e-8.r_1e-8.length_1e6.OneTransition.RDS",10,1,20,1e-08,1e-08,1e+06,12000,10603.0265166316
"205","Free","results/esmc/demographic_scenario_10/rep_2.nsam_20.mu_1e-8.r_1e-8.length_1e6.Free.RDS",10,2,20,1e-08,1e-08,1e+06,12000,11879.1686645947
"206","OneTransition","results/esmc/demographic_scenario_10/rep_2.nsam_20.mu_1e-8.r_1e-8.length_1e6.OneTransition.RDS",10,2,20,1e-08,1e-08,1e+06,12000,11879.1686645947
"207","Free","results/esmc/demographic_scenario_10/rep_3.nsam_20.mu_1e-8.r_1e-8.length_1e6.Free.RDS",10,3,20,1e-08,1e-08,1e+06,12000,17441.2908589429
"208","OneTransition","results/esmc/demographic_scenario_10/rep_3.nsam_20.mu_1e-8.r_1e-8.length_1e6.OneTransition.RDS",10,3,20,1e-08,1e-08,1e+06,12000,11520.4699930122
"209","Free","results/esmc/demographic_scenario_10/rep_4.nsam_20.mu_1e-8.r_1e-8.length_1e6.Free.RDS",10,4,20,1e-08,1e-08,1e+06,12000,11907.6658416546
"210","OneTransition","results/esmc/demographic_scenario_10/rep_4.nsam_20.mu_1e-8.r_1e-8.length_1e6.OneTransition.RDS",10,4,20,1e-08,1e-08,1e+06,12000,11907.6658416546
"211","Free","results/esmc/demographic_scenario_10/rep_5.nsam_20.mu_1e-8.r_1e-8.length_1e6.Free.RDS",10,5,20,1e-08,1e-08,1e+06,12000,25004.6006189125
"212","OneTransition","results/esmc/demographic_scenario_10/rep_5.nsam_20.mu_1e-8.r_1e-8.length_1e6.OneTransition.RDS",10,5,20,1e-08,1e-08,1e+06,12000,10909.45529872
"213","Free","results/esmc/demographic_scenario_10/rep_6.nsam_20.mu_1e-8.r_1e-8.length_1e6.Free.RDS",10,6,20,1e-08,1e-08,1e+06,12000,12436.7647360188
"214","OneTransition","results/esmc/demographic_scenario_10/rep_6.nsam_20.mu_1e-8.r_1e-8.length_1e6.OneTransition.RDS",10,6,20,1e-08,1e-08,1e+06,12000,12436.7647360188
"215","Free","results/esmc/demographic_scenario_10/rep_7.nsam_20.mu_1e-8.r_1e-8.length_1e6.Free.RDS",10,7,20,1e-08,1e-08,1e+06,12000,11417.0243046553
"216","OneTransition","results/esmc/demographic_scenario_10/rep_7.nsam_20.mu_1e-8.r_1e-8.length_1e6.OneTransition.RDS",10,7,20,1e-08,1e-08,1e+06,12000,11417.0243046553
"217","Free","results/esmc/demographic_scenario_10/rep_8.nsam_20.mu_1e-8.r_1e-8.length_1e6.Free.RDS",10,8,20,1e-08,1e-08,1e+06,12000,11867.1089154805
"218","OneTransition","results/esmc/demographic_scenario_10/rep_8.nsam_20.mu_1e-8.r_1e-8.length_1e6.OneTransition.RDS",10,8,20,1e-08,1e-08,1e+06,12000,11867.1089154805
"219","Free","results/esmc/demographic_scenario_10/rep_9.nsam_20.mu_1e-8.r_1e-8.length_1e6.Free.RDS",10,9,20,1e-08,1e-08,1e+06,12000,12440.1325937521
"220","OneTransition","results/esmc/demographic_scenario_10/rep_9.nsam_20.mu_1e-8.r_1e-8.length_1e6.OneTransition.RDS",10,9,20,1e-08,1e-08,1e+06,12000,12440.1325937521
"221","Free","results/esmc/demographic_scenario_11/rep_0.nsam_20.mu_1e-8.r_1e-8.length_1e6.Free.RDS",11,0,20,1e-08,1e-08,1e+06,16000,16347.671244154
"222","OneTransition","results/esmc/demographic_scenario_11/rep_0.nsam_20.mu_1e-8.r_1e-8.length_1e6.OneTransition.RDS",11,0,20,1e-08,1e-08,1e+06,16000,16347.671244154
"223","Free","results/esmc/demographic_scenario_11/rep_1.nsam_20.mu_1e-8.r_1e-8.length_1e6.Free.RDS",11,1,20,1e-08,1e-08,1e+06,16000,16825.4171622925
"224","OneTransition","results/esmc/demographic_scenario_11/rep_1.nsam_20.mu_1e-8.r_1e-8.length_1e6.OneTransition.RDS",11,1,20,1e-08,1e-08,1e+06,16000,16825.4171622925
"225","Free","results/esmc/demographic_scenario_11/rep_2.nsam_20.mu_1e-8.r_1e-8.length_1e6.Free.RDS",11,2,20,1e-08,1e-08,1e+06,16000,15913.8839445559
"226","OneTransition","results/esmc/demographic_scenario_11/rep_2.nsam_20.mu_1e-8.r_1e-8.length_1e6.OneTransition.RDS",11,2,20,1e-08,1e-08,1e+06,16000,15913.8839445559
"227","Free","results/esmc/demographic_scenario_11/rep_3.nsam_20.mu_1e-8.r_1e-8.length_1e6.Free.RDS",11,3,20,1e-08,1e-08,1e+06,16000,22154.5327251682
"228","OneTransition","results/esmc/demographic_scenario_11/rep_3.nsam_20.mu_1e-8.r_1e-8.length_1e6.OneTransition.RDS",11,3,20,1e-08,1e-08,1e+06,16000,22154.5327251682
"229","Free","results/esmc/demographic_scenario_11/rep_4.nsam_20.mu_1e-8.r_1e-8.length_1e6.Free.RDS",11,4,20,1e-08,1e-08,1e+06,16000,18125.6549983438
"230","OneTransition","results/esmc/demographic_scenario_11/rep_4.nsam_20.mu_1e-8.r_1e-8.length_1e6.OneTransition.RDS",11,4,20,1e-08,1e-08,1e+06,16000,18125.6549983438
"231","Free","results/esmc/demographic_scenario_11/rep_5.nsam_20.mu_1e-8.r_1e-8.length_1e6.Free.RDS",11,5,20,1e-08,1e-08,1e+06,16000,17115.5596398831
"232","OneTransition","results/esmc/demographic_scenario_11/rep_5.nsam_20.mu_1e-8.r_1e-8.length_1e6.OneTransition.RDS",11,5,20,1e-08,1e-08,1e+06,16000,17115.5596398831
"233","Free","results/esmc/demographic_scenario_11/rep_6.nsam_20.mu_1e-8.r_1e-8.length_1e6.Free.RDS",11,6,20,1e-08,1e-08,1e+06,16000,16928.3656015186
"234","OneTransition","results/esmc/demographic_scenario_11/rep_6.nsam_20.mu_1e-8.r_1e-8.length_1e6.OneTransition.RDS",11,6,20,1e-08,1e-08,1e+06,16000,16928.3656015186
"235","Free","results/esmc/demographic_scenario_11/rep_7.nsam_20.mu_1e-8.r_1e-8.length_1e6.Free.RDS",11,7,20,1e-08,1e-08,1e+06,16000,17946.7426173971
"236","OneTransition","results/esmc/demographic_scenario_11/rep_7.nsam_20.mu_1e-8.r_1e-8.length_1e6.OneTransition.RDS",11,7,20,1e-08,1e-08,1e+06,16000,17946.7426173971
"237","Free","results/esmc/demographic_scenario_11/rep_8.nsam_20.mu_1e-8.r_1e-8.length_1e6.Free.RDS",11,8,20,1e-08,1e-08,1e+06,16000,17979.9522785249
"238","OneTransition","results/esmc/demographic_scenario_11/rep_8.nsam_20.mu_1e-8.r_1e-8.length_1e6.OneTransition.RDS",11,8,20,1e-08,1e-08,1e+06,16000,17979.9522785249
"239","Free","results/esmc/demographic_scenario_11/rep_9.nsam_20.mu_1e-8.r_1e-8.length_1e6.Free.RDS",11,9,20,1e-08,1e-08,1e+06,16000,15835.9703715079
"240","OneTransition","results/esmc/demographic_scenario_11/rep_9.nsam_20.mu_1e-8.r_1e-8.length_1e6.OneTransition.RDS",11,9,20,1e-08,1e-08,1e+06,16000,15835.9703715079
"241","Free","results/esmc/demographic_scenario_12/rep_0.nsam_20.mu_1e-8.r_1e-8.length_1e6.Free.RDS",12,0,20,1e-08,1e-08,1e+06,20000,26721.4890540591
"242","OneTransition","results/esmc/demographic_scenario_12/rep_0.nsam_20.mu_1e-8.r_1e-8.length_1e6.OneTransition.RDS",12,0,20,1e-08,1e-08,1e+06,20000,17650.3055482299
"243","Free","results/esmc/demographic_scenario_12/rep_1.nsam_20.mu_1e-8.r_1e-8.length_1e6.Free.RDS",12,1,20,1e-08,1e-08,1e+06,20000,24031.9574126468
"244","OneTransition","results/esmc/demographic_scenario_12/rep_1.nsam_20.mu_1e-8.r_1e-8.length_1e6.OneTransition.RDS",12,1,20,1e-08,1e-08,1e+06,20000,24031.9574126468
"245","Free","results/esmc/demographic_scenario_12/rep_2.nsam_20.mu_1e-8.r_1e-8.length_1e6.Free.RDS",12,2,20,1e-08,1e-08,1e+06,20000,23630.2719080829
"246","OneTransition","results/esmc/demographic_scenario_12/rep_2.nsam_20.mu_1e-8.r_1e-8.length_1e6.OneTransition.RDS",12,2,20,1e-08,1e-08,1e+06,20000,23630.2719080829
"247","Free","results/esmc/demographic_scenario_12/rep_3.nsam_20.mu_1e-8.r_1e-8.length_1e6.Free.RDS",12,3,20,1e-08,1e-08,1e+06,20000,25998.7781354123
"248","OneTransition","results/esmc/demographic_scenario_12/rep_3.nsam_20.mu_1e-8.r_1e-8.length_1e6.OneTransition.RDS",12,3,20,1e-08,1e-08,1e+06,20000,25998.7781354123
"249","Free","results/esmc/demographic_scenario_12/rep_4.nsam_20.mu_1e-8.r_1e-8.length_1e6.Free.RDS",12,4,20,1e-08,1e-08,1e+06,20000,24829.5454188733
"250","OneTransition","results/esmc/demographic_scenario_12/rep_4.nsam_20.mu_1e-8.r_1e-8.length_1e6.OneTransition.RDS",12,4,20,1e-08,1e-08,1e+06,20000,24829.5454188733
"251","Free","results/esmc/demographic_scenario_12/rep_5.nsam_20.mu_1e-8.r_1e-8.length_1e6.Free.RDS",12,5,20,1e-08,1e-08,1e+06,20000,17841.7657742436
"252","OneTransition","results/esmc/demographic_scenario_12/rep_5.nsam_20.mu_1e-8.r_1e-8.length_1e6.OneTransition.RDS",12,5,20,1e-08,1e-08,1e+06,20000,17841.7657742436
"253","Free","results/esmc/demographic_scenario_12/rep_6.nsam_20.mu_1e-8.r_1e-8.length_1e6.Free.RDS",12,6,20,1e-08,1e-08,1e+06,20000,27663.8287816417
"254","OneTransition","results/esmc/demographic_scenario_12/rep_6.nsam_20.mu_1e-8.r_1e-8.length_1e6.OneTransition.RDS",12,6,20,1e-08,1e-08,1e+06,20000,18272.7478113995
"255","Free","results/esmc/demographic_scenario_12/rep_7.nsam_20.mu_1e-8.r_1e-8.length_1e6.Free.RDS",12,7,20,1e-08,1e-08,1e+06,20000,25601.1394639883
"256","OneTransition","results/esmc/demographic_scenario_12/rep_7.nsam_20.mu_1e-8.r_1e-8.length_1e6.OneTransition.RDS",12,7,20,1e-08,1e-08,1e+06,20000,25601.1394639883
"257","Free","results/esmc/demographic_scenario_12/rep_8.nsam_20.mu_1e-8.r_1e-8.length_1e6.Free.RDS",12,8,20,1e-08,1e-08,1e+06,20000,39659.4065436502
"258","OneTransition","results/esmc/demographic_scenario_12/rep_8.nsam_20.mu_1e-8.r_1e-8.length_1e6.OneTransition.RDS",12,8,20,1e-08,1e-08,1e+06,20000,17303.3166758308
"259","Free","results/esmc/demographic_scenario_12/rep_9.nsam_20.mu_1e-8.r_1e-8.length_1e6.Free.RDS",12,9,20,1e-08,1e-08,1e+06,20000,26054.3288127304
"260","OneTransition","results/esmc/demographic_scenario_12/rep_9.nsam_20.mu_1e-8.r_1e-8.length_1e6.OneTransition.RDS",12,9,20,1e-08,1e-08,1e+06,20000,26054.3288127304
"261","Free","results/esmc/demographic_scenario_13/rep_0.nsam_20.mu_1e-8.r_1e-8.length_1e6.Free.RDS",13,0,20,1e-08,1e-08,1e+06,30000,32819.1657884769
"262","OneTransition","results/esmc/demographic_scenario_13/rep_0.nsam_20.mu_1e-8.r_1e-8.length_1e6.OneTransition.RDS",13,0,20,1e-08,1e-08,1e+06,30000,32819.1657884769
"263","Free","results/esmc/demographic_scenario_13/rep_1.nsam_20.mu_1e-8.r_1e-8.length_1e6.Free.RDS",13,1,20,1e-08,1e-08,1e+06,30000,34305.1830291456
"264","OneTransition","results/esmc/demographic_scenario_13/rep_1.nsam_20.mu_1e-8.r_1e-8.length_1e6.OneTransition.RDS",13,1,20,1e-08,1e-08,1e+06,30000,34305.1830291456
"265","Free","results/esmc/demographic_scenario_13/rep_2.nsam_20.mu_1e-8.r_1e-8.length_1e6.Free.RDS",13,2,20,1e-08,1e-08,1e+06,30000,37594.8817559797
"266","OneTransition","results/esmc/demographic_scenario_13/rep_2.nsam_20.mu_1e-8.r_1e-8.length_1e6.OneTransition.RDS",13,2,20,1e-08,1e-08,1e+06,30000,37594.8817559797
"267","Free","results/esmc/demographic_scenario_13/rep_3.nsam_20.mu_1e-8.r_1e-8.length_1e6.Free.RDS",13,3,20,1e-08,1e-08,1e+06,30000,31989.1123596574
"268","OneTransition","results/esmc/demographic_scenario_13/rep_3.nsam_20.mu_1e-8.r_1e-8.length_1e6.OneTransition.RDS",13,3,20,1e-08,1e-08,1e+06,30000,31989.1123596574
"269","Free","results/esmc/demographic_scenario_13/rep_4.nsam_20.mu_1e-8.r_1e-8.length_1e6.Free.RDS",13,4,20,1e-08,1e-08,1e+06,30000,37171.7229170683
"270","OneTransition","results/esmc/demographic_scenario_13/rep_4.nsam_20.mu_1e-8.r_1e-8.length_1e6.OneTransition.RDS",13,4,20,1e-08,1e-08,1e+06,30000,37171.7229170683
"271","Free","results/esmc/demographic_scenario_13/rep_5.nsam_20.mu_1e-8.r_1e-8.length_1e6.Free.RDS",13,5,20,1e-08,1e-08,1e+06,30000,36015.9144120815
"272","OneTransition","results/esmc/demographic_scenario_13/rep_5.nsam_20.mu_1e-8.r_1e-8.length_1e6.OneTransition.RDS",13,5,20,1e-08,1e-08,1e+06,30000,36015.9144120815
"273","Free","results/esmc/demographic_scenario_13/rep_6.nsam_20.mu_1e-8.r_1e-8.length_1e6.Free.RDS",13,6,20,1e-08,1e-08,1e+06,30000,34748.4025354773
"274","OneTransition","results/esmc/demographic_scenario_13/rep_6.nsam_20.mu_1e-8.r_1e-8.length_1e6.OneTransition.RDS",13,6,20,1e-08,1e-08,1e+06,30000,34748.4025354773
"275","Free","results/esmc/demographic_scenario_13/rep_7.nsam_20.mu_1e-8.r_1e-8.length_1e6.Free.RDS",13,7,20,1e-08,1e-08,1e+06,30000,33203.9963827944
"276","OneTransition","results/esmc/demographic_scenario_13/rep_7.nsam_20.mu_1e-8.r_1e-8.length_1e6.OneTransition.RDS",13,7,20,1e-08,1e-08,1e+06,30000,33203.9963827944
"277","Free","results/esmc/demographic_scenario_13/rep_8.nsam_20.mu_1e-8.r_1e-8.length_1e6.Free.RDS",13,8,20,1e-08,1e-08,1e+06,30000,35658.7495471765
"278","OneTransition","results/esmc/demographic_scenario_13/rep_8.nsam_20.mu_1e-8.r_1e-8.length_1e6.OneTransition.RDS",13,8,20,1e-08,1e-08,1e+06,30000,35658.7495471765
"279","Free","results/esmc/demographic_scenario_13/rep_9.nsam_20.mu_1e-8.r_1e-8.length_1e6.Free.RDS",13,9,20,1e-08,1e-08,1e+06,30000,35419.4702888697
"280","OneTransition","results/esmc/demographic_scenario_13/rep_9.nsam_20.mu_1e-8.r_1e-8.length_1e6.OneTransition.RDS",13,9,20,1e-08,1e-08,1e+06,30000,35419.4702888697
"281","Free","results/esmc/demographic_scenario_14/rep_0.nsam_20.mu_1e-8.r_1e-8.length_1e6.Free.RDS",14,0,20,1e-08,1e-08,1e+06,40000,67326.8520853362
"282","OneTransition","results/esmc/demographic_scenario_14/rep_0.nsam_20.mu_1e-8.r_1e-8.length_1e6.OneTransition.RDS",14,0,20,1e-08,1e-08,1e+06,40000,44471.3057907283
"283","Free","results/esmc/demographic_scenario_14/rep_1.nsam_20.mu_1e-8.r_1e-8.length_1e6.Free.RDS",14,1,20,1e-08,1e-08,1e+06,40000,45894.4069823639
"284","OneTransition","results/esmc/demographic_scenario_14/rep_1.nsam_20.mu_1e-8.r_1e-8.length_1e6.OneTransition.RDS",14,1,20,1e-08,1e-08,1e+06,40000,45894.4069823639
"285","Free","results/esmc/demographic_scenario_14/rep_2.nsam_20.mu_1e-8.r_1e-8.length_1e6.Free.RDS",14,2,20,1e-08,1e-08,1e+06,40000,41590.2687145078
"286","OneTransition","results/esmc/demographic_scenario_14/rep_2.nsam_20.mu_1e-8.r_1e-8.length_1e6.OneTransition.RDS",14,2,20,1e-08,1e-08,1e+06,40000,41590.2687145078
"287","Free","results/esmc/demographic_scenario_14/rep_3.nsam_20.mu_1e-8.r_1e-8.length_1e6.Free.RDS",14,3,20,1e-08,1e-08,1e+06,40000,55360.617479624
"288","OneTransition","results/esmc/demographic_scenario_14/rep_3.nsam_20.mu_1e-8.r_1e-8.length_1e6.OneTransition.RDS",14,3,20,1e-08,1e-08,1e+06,40000,36567.2665874738
"289","Free","results/esmc/demographic_scenario_14/rep_4.nsam_20.mu_1e-8.r_1e-8.length_1e6.Free.RDS",14,4,20,1e-08,1e-08,1e+06,40000,51366.2812995069
"290","OneTransition","results/esmc/demographic_scenario_14/rep_4.nsam_20.mu_1e-8.r_1e-8.length_1e6.OneTransition.RDS",14,4,20,1e-08,1e-08,1e+06,40000,51366.2812995069
"291","Free","results/esmc/demographic_scenario_14/rep_5.nsam_20.mu_1e-8.r_1e-8.length_1e6.Free.RDS",14,5,20,1e-08,1e-08,1e+06,40000,88097.9349331312
"292","OneTransition","results/esmc/demographic_scenario_14/rep_5.nsam_20.mu_1e-8.r_1e-8.length_1e6.OneTransition.RDS",14,5,20,1e-08,1e-08,1e+06,40000,38436.9459728783
"293","Free","results/esmc/demographic_scenario_14/rep_6.nsam_20.mu_1e-8.r_1e-8.length_1e6.Free.RDS",14,6,20,1e-08,1e-08,1e+06,40000,55699.0273137778
"294","OneTransition","results/esmc/demographic_scenario_14/rep_6.nsam_20.mu_1e-8.r_1e-8.length_1e6.OneTransition.RDS",14,6,20,1e-08,1e-08,1e+06,40000,36790.7959335089
"295","Free","results/esmc/demographic_scenario_14/rep_7.nsam_20.mu_1e-8.r_1e-8.length_1e6.Free.RDS",14,7,20,1e-08,1e-08,1e+06,40000,54948.40232773
"296","OneTransition","results/esmc/demographic_scenario_14/rep_7.nsam_20.mu_1e-8.r_1e-8.length_1e6.OneTransition.RDS",14,7,20,1e-08,1e-08,1e+06,40000,36294.9867243336
"297","Free","results/esmc/demographic_scenario_14/rep_8.nsam_20.mu_1e-8.r_1e-8.length_1e6.Free.RDS",14,8,20,1e-08,1e-08,1e+06,40000,51409.2662916873
"298","OneTransition","results/esmc/demographic_scenario_14/rep_8.nsam_20.mu_1e-8.r_1e-8.length_1e6.OneTransition.RDS",14,8,20,1e-08,1e-08,1e+06,40000,51409.2662916873
"299","Free","results/esmc/demographic_scenario_14/rep_9.nsam_20.mu_1e-8.r_1e-8.length_1e6.Free.RDS",14,9,20,1e-08,1e-08,1e+06,40000,55120.261902761
"300","OneTransition","results/esmc/demographic_scenario_14/rep_9.nsam_20.mu_1e-8.r_1e-8.length_1e6.OneTransition.RDS",14,9,20,1e-08,1e-08,1e+06,40000,36408.504874634
"301","Free","results/esmc/demographic_scenario_15/rep_0.nsam_20.mu_1e-8.r_1e-8.length_1e6.Free.RDS",15,0,20,1e-08,1e-08,1e+06,50000,103918.909522698
"302","OneTransition","results/esmc/demographic_scenario_15/rep_0.nsam_20.mu_1e-8.r_1e-8.length_1e6.OneTransition.RDS",15,0,20,1e-08,1e-08,1e+06,50000,45339.6043155405
"303","Free","results/esmc/demographic_scenario_15/rep_1.nsam_20.mu_1e-8.r_1e-8.length_1e6.Free.RDS",15,1,20,1e-08,1e-08,1e+06,50000,60270.9773572697
"304","OneTransition","results/esmc/demographic_scenario_15/rep_1.nsam_20.mu_1e-8.r_1e-8.length_1e6.OneTransition.RDS",15,1,20,1e-08,1e-08,1e+06,50000,60270.9773572697
"305","Free","results/esmc/demographic_scenario_15/rep_2.nsam_20.mu_1e-8.r_1e-8.length_1e6.Free.RDS",15,2,20,1e-08,1e-08,1e+06,50000,49196.5829320023
"306","OneTransition","results/esmc/demographic_scenario_15/rep_2.nsam_20.mu_1e-8.r_1e-8.length_1e6.OneTransition.RDS",15,2,20,1e-08,1e-08,1e+06,50000,49196.5829320023
"307","Free","results/esmc/demographic_scenario_15/rep_3.nsam_20.mu_1e-8.r_1e-8.length_1e6.Free.RDS",15,3,20,1e-08,1e-08,1e+06,50000,52558.5686054896
"308","OneTransition","results/esmc/demographic_scenario_15/rep_3.nsam_20.mu_1e-8.r_1e-8.length_1e6.OneTransition.RDS",15,3,20,1e-08,1e-08,1e+06,50000,52558.5686054896
"309","Free","results/esmc/demographic_scenario_15/rep_4.nsam_20.mu_1e-8.r_1e-8.length_1e6.Free.RDS",15,4,20,1e-08,1e-08,1e+06,50000,48912.5825596642
"310","OneTransition","results/esmc/demographic_scenario_15/rep_4.nsam_20.mu_1e-8.r_1e-8.length_1e6.OneTransition.RDS",15,4,20,1e-08,1e-08,1e+06,50000,48912.5825596642
"311","Free","results/esmc/demographic_scenario_15/rep_5.nsam_20.mu_1e-8.r_1e-8.length_1e6.Free.RDS",15,5,20,1e-08,1e-08,1e+06,50000,112188.422311532
"312","OneTransition","results/esmc/demographic_scenario_15/rep_5.nsam_20.mu_1e-8.r_1e-8.length_1e6.OneTransition.RDS",15,5,20,1e-08,1e-08,1e+06,50000,48947.5755639888
"313","Free","results/esmc/demographic_scenario_15/rep_6.nsam_20.mu_1e-8.r_1e-8.length_1e6.Free.RDS",15,6,20,1e-08,1e-08,1e+06,50000,75318.699768996
"314","OneTransition","results/esmc/demographic_scenario_15/rep_6.nsam_20.mu_1e-8.r_1e-8.length_1e6.OneTransition.RDS",15,6,20,1e-08,1e-08,1e+06,50000,49750.1490926918
"315","Free","results/esmc/demographic_scenario_15/rep_7.nsam_20.mu_1e-8.r_1e-8.length_1e6.Free.RDS",15,7,20,1e-08,1e-08,1e+06,50000,67725.7235689876
"316","OneTransition","results/esmc/demographic_scenario_15/rep_7.nsam_20.mu_1e-8.r_1e-8.length_1e6.OneTransition.RDS",15,7,20,1e-08,1e-08,1e+06,50000,67725.7235689876
"317","Free","results/esmc/demographic_scenario_15/rep_8.nsam_20.mu_1e-8.r_1e-8.length_1e6.Free.RDS",15,8,20,1e-08,1e-08,1e+06,50000,50829.3013541604
"318","OneTransition","results/esmc/demographic_scenario_15/rep_8.nsam_20.mu_1e-8.r_1e-8.length_1e6.OneTransition.RDS",15,8,20,1e-08,1e-08,1e+06,50000,50829.3013541604
"319","Free","results/esmc/demographic_scenario_15/rep_9.nsam_20.mu_1e-8.r_1e-8.length_1e6.Free.RDS",15,9,20,1e-08,1e-08,1e+06,50000,49353.8732418481
"320","OneTransition","results/esmc/demographic_scenario_15/rep_9.nsam_20.mu_1e-8.r_1e-8.length_1e6.OneTransition.RDS",15,9,20,1e-08,1e-08,1e+06,50000,49353.8732418481
"321","Free","results/esmc/demographic_scenario_16/rep_0.nsam_20.mu_1e-8.r_1e-8.length_1e6.Free.RDS",16,0,20,1e-08,1e-08,1e+06,60000,77799.4202830908
"322","OneTransition","results/esmc/demographic_scenario_16/rep_0.nsam_20.mu_1e-8.r_1e-8.length_1e6.OneTransition.RDS",16,0,20,1e-08,1e-08,1e+06,60000,77799.4202830908
"323","Free","results/esmc/demographic_scenario_16/rep_1.nsam_20.mu_1e-8.r_1e-8.length_1e6.Free.RDS",16,1,20,1e-08,1e-08,1e+06,60000,86895.1519442848
"324","OneTransition","results/esmc/demographic_scenario_16/rep_1.nsam_20.mu_1e-8.r_1e-8.length_1e6.OneTransition.RDS",16,1,20,1e-08,1e-08,1e+06,60000,86895.1519442848
"325","Free","results/esmc/demographic_scenario_16/rep_2.nsam_20.mu_1e-8.r_1e-8.length_1e6.Free.RDS",16,2,20,1e-08,1e-08,1e+06,60000,128134.367197999
"326","OneTransition","results/esmc/demographic_scenario_16/rep_2.nsam_20.mu_1e-8.r_1e-8.length_1e6.OneTransition.RDS",16,2,20,1e-08,1e-08,1e+06,60000,55904.7581875412
"327","Free","results/esmc/demographic_scenario_16/rep_3.nsam_20.mu_1e-8.r_1e-8.length_1e6.Free.RDS",16,3,20,1e-08,1e-08,1e+06,60000,66506.9114251328
"328","OneTransition","results/esmc/demographic_scenario_16/rep_3.nsam_20.mu_1e-8.r_1e-8.length_1e6.OneTransition.RDS",16,3,20,1e-08,1e-08,1e+06,60000,66506.9114251328
"329","Free","results/esmc/demographic_scenario_16/rep_4.nsam_20.mu_1e-8.r_1e-8.length_1e6.Free.RDS",16,4,20,1e-08,1e-08,1e+06,60000,159462.477759264
"330","OneTransition","results/esmc/demographic_scenario_16/rep_4.nsam_20.mu_1e-8.r_1e-8.length_1e6.OneTransition.RDS",16,4,20,1e-08,1e-08,1e+06,60000,69573.147735942
"331","Free","results/esmc/demographic_scenario_16/rep_5.nsam_20.mu_1e-8.r_1e-8.length_1e6.Free.RDS",16,5,20,1e-08,1e-08,1e+06,60000,66920.3160868774
"332","OneTransition","results/esmc/demographic_scenario_16/rep_5.nsam_20.mu_1e-8.r_1e-8.length_1e6.OneTransition.RDS",16,5,20,1e-08,1e-08,1e+06,60000,66920.3160868774
"333","Free","results/esmc/demographic_scenario_16/rep_6.nsam_20.mu_1e-8.r_1e-8.length_1e6.Free.RDS",16,6,20,1e-08,1e-08,1e+06,60000,76595.9935508539
"334","OneTransition","results/esmc/demographic_scenario_16/rep_6.nsam_20.mu_1e-8.r_1e-8.length_1e6.OneTransition.RDS",16,6,20,1e-08,1e-08,1e+06,60000,76595.9935508539
"335","Free","results/esmc/demographic_scenario_16/rep_7.nsam_20.mu_1e-8.r_1e-8.length_1e6.Free.RDS",16,7,20,1e-08,1e-08,1e+06,60000,70217.5088629659
"336","OneTransition","results/esmc/demographic_scenario_16/rep_7.nsam_20.mu_1e-8.r_1e-8.length_1e6.OneTransition.RDS",16,7,20,1e-08,1e-08,1e+06,60000,70217.5088629659
"337","Free","results/esmc/demographic_scenario_16/rep_8.nsam_20.mu_1e-8.r_1e-8.length_1e6.Free.RDS",16,8,20,1e-08,1e-08,1e+06,60000,69964.3641287377
"338","OneTransition","results/esmc/demographic_scenario_16/rep_8.nsam_20.mu_1e-8.r_1e-8.length_1e6.OneTransition.RDS",16,8,20,1e-08,1e-08,1e+06,60000,69964.3641287377
"339","Free","results/esmc/demographic_scenario_16/rep_9.nsam_20.mu_1e-8.r_1e-8.length_1e6.Free.RDS",16,9,20,1e-08,1e-08,1e+06,60000,89592.7976753393
"340","OneTransition","results/esmc/demographic_scenario_16/rep_9.nsam_20.mu_1e-8.r_1e-8.length_1e6.OneTransition.RDS",16,9,20,1e-08,1e-08,1e+06,60000,89592.7976753393
"341","Free","results/esmc/demographic_scenario_17/rep_0.nsam_20.mu_1e-8.r_1e-8.length_1e6.Free.RDS",17,0,20,1e-08,1e-08,1e+06,70000,84735.1960231492
"342","OneTransition","results/esmc/demographic_scenario_17/rep_0.nsam_20.mu_1e-8.r_1e-8.length_1e6.OneTransition.RDS",17,0,20,1e-08,1e-08,1e+06,70000,84735.1960231492
"343","Free","results/esmc/demographic_scenario_17/rep_1.nsam_20.mu_1e-8.r_1e-8.length_1e6.Free.RDS",17,1,20,1e-08,1e-08,1e+06,70000,79995.1194179845
"344","OneTransition","results/esmc/demographic_scenario_17/rep_1.nsam_20.mu_1e-8.r_1e-8.length_1e6.OneTransition.RDS",17,1,20,1e-08,1e-08,1e+06,70000,79995.1194179845
"345","Free","results/esmc/demographic_scenario_17/rep_2.nsam_20.mu_1e-8.r_1e-8.length_1e6.Free.RDS",17,2,20,1e-08,1e-08,1e+06,70000,144641.578718311
"346","OneTransition","results/esmc/demographic_scenario_17/rep_2.nsam_20.mu_1e-8.r_1e-8.length_1e6.OneTransition.RDS",17,2,20,1e-08,1e-08,1e+06,70000,63106.8202773133
"347","Free","results/esmc/demographic_scenario_17/rep_3.nsam_20.mu_1e-8.r_1e-8.length_1e6.Free.RDS",17,3,20,1e-08,1e-08,1e+06,70000,72840.0289086595
"348","OneTransition","results/esmc/demographic_scenario_17/rep_3.nsam_20.mu_1e-8.r_1e-8.length_1e6.OneTransition.RDS",17,3,20,1e-08,1e-08,1e+06,70000,72840.0289086595
"349","Free","results/esmc/demographic_scenario_17/rep_4.nsam_20.mu_1e-8.r_1e-8.length_1e6.Free.RDS",17,4,20,1e-08,1e-08,1e+06,70000,132227.297732436
"350","OneTransition","results/esmc/demographic_scenario_17/rep_4.nsam_20.mu_1e-8.r_1e-8.length_1e6.OneTransition.RDS",17,4,20,1e-08,1e-08,1e+06,70000,87339.9009341411
"351","Free","results/esmc/demographic_scenario_17/rep_5.nsam_20.mu_1e-8.r_1e-8.length_1e6.Free.RDS",17,5,20,1e-08,1e-08,1e+06,70000,92677.708793081
"352","OneTransition","results/esmc/demographic_scenario_17/rep_5.nsam_20.mu_1e-8.r_1e-8.length_1e6.OneTransition.RDS",17,5,20,1e-08,1e-08,1e+06,70000,92677.708793081
"353","Free","results/esmc/demographic_scenario_17/rep_6.nsam_20.mu_1e-8.r_1e-8.length_1e6.Free.RDS",17,6,20,1e-08,1e-08,1e+06,70000,94155.2291175773
"354","OneTransition","results/esmc/demographic_scenario_17/rep_6.nsam_20.mu_1e-8.r_1e-8.length_1e6.OneTransition.RDS",17,6,20,1e-08,1e-08,1e+06,70000,94155.2291175773
"355","Free","results/esmc/demographic_scenario_17/rep_7.nsam_20.mu_1e-8.r_1e-8.length_1e6.Free.RDS",17,7,20,1e-08,1e-08,1e+06,70000,84637.2146400625
"356","OneTransition","results/esmc/demographic_scenario_17/rep_7.nsam_20.mu_1e-8.r_1e-8.length_1e6.OneTransition.RDS",17,7,20,1e-08,1e-08,1e+06,70000,84637.2146400625
"357","Free","results/esmc/demographic_scenario_17/rep_8.nsam_20.mu_1e-8.r_1e-8.length_1e6.Free.RDS",17,8,20,1e-08,1e-08,1e+06,70000,99535.4314666393
"358","OneTransition","results/esmc/demographic_scenario_17/rep_8.nsam_20.mu_1e-8.r_1e-8.length_1e6.OneTransition.RDS",17,8,20,1e-08,1e-08,1e+06,70000,99535.4314666393
"359","Free","results/esmc/demographic_scenario_17/rep_9.nsam_20.mu_1e-8.r_1e-8.length_1e6.Free.RDS",17,9,20,1e-08,1e-08,1e+06,70000,111556.706729539
"360","OneTransition","results/esmc/demographic_scenario_17/rep_9.nsam_20.mu_1e-8.r_1e-8.length_1e6.OneTransition.RDS",17,9,20,1e-08,1e-08,1e+06,70000,111556.706729539
"361","Free","results/esmc/demographic_scenario_18/rep_0.nsam_20.mu_1e-8.r_1e-8.length_1e6.Free.RDS",18,0,20,1e-08,1e-08,1e+06,80000,145427.897001317
"362","OneTransition","results/esmc/demographic_scenario_18/rep_0.nsam_20.mu_1e-8.r_1e-8.length_1e6.OneTransition.RDS",18,0,20,1e-08,1e-08,1e+06,80000,96059.2731983188
"363","Free","results/esmc/demographic_scenario_18/rep_1.nsam_20.mu_1e-8.r_1e-8.length_1e6.Free.RDS",18,1,20,1e-08,1e-08,1e+06,80000,111182.91520008
"364","OneTransition","results/esmc/demographic_scenario_18/rep_1.nsam_20.mu_1e-8.r_1e-8.length_1e6.OneTransition.RDS",18,1,20,1e-08,1e-08,1e+06,80000,111182.91520008
"365","Free","results/esmc/demographic_scenario_18/rep_2.nsam_20.mu_1e-8.r_1e-8.length_1e6.Free.RDS",18,2,20,1e-08,1e-08,1e+06,80000,98090.3360868337
"366","OneTransition","results/esmc/demographic_scenario_18/rep_2.nsam_20.mu_1e-8.r_1e-8.length_1e6.OneTransition.RDS",18,2,20,1e-08,1e-08,1e+06,80000,98090.3360868337
"367","Free","results/esmc/demographic_scenario_18/rep_3.nsam_20.mu_1e-8.r_1e-8.length_1e6.Free.RDS",18,3,20,1e-08,1e-08,1e+06,80000,73112.758298176
"368","OneTransition","results/esmc/demographic_scenario_18/rep_3.nsam_20.mu_1e-8.r_1e-8.length_1e6.OneTransition.RDS",18,3,20,1e-08,1e-08,1e+06,80000,73112.758298176
"369","Free","results/esmc/demographic_scenario_18/rep_4.nsam_20.mu_1e-8.r_1e-8.length_1e6.Free.RDS",18,4,20,1e-08,1e-08,1e+06,80000,94095.207546822
"370","OneTransition","results/esmc/demographic_scenario_18/rep_4.nsam_20.mu_1e-8.r_1e-8.length_1e6.OneTransition.RDS",18,4,20,1e-08,1e-08,1e+06,80000,94095.207546822
"371","Free","results/esmc/demographic_scenario_18/rep_5.nsam_20.mu_1e-8.r_1e-8.length_1e6.Free.RDS",18,5,20,1e-08,1e-08,1e+06,80000,78796.3542433712
"372","OneTransition","results/esmc/demographic_scenario_18/rep_5.nsam_20.mu_1e-8.r_1e-8.length_1e6.OneTransition.RDS",18,5,20,1e-08,1e-08,1e+06,80000,78796.3542433711
"373","Free","results/esmc/demographic_scenario_18/rep_6.nsam_20.mu_1e-8.r_1e-8.length_1e6.Free.RDS",18,6,20,1e-08,1e-08,1e+06,80000,92677.1637323104
"374","OneTransition","results/esmc/demographic_scenario_18/rep_6.nsam_20.mu_1e-8.r_1e-8.length_1e6.OneTransition.RDS",18,6,20,1e-08,1e-08,1e+06,80000,92677.1637323104
"375","Free","results/esmc/demographic_scenario_18/rep_7.nsam_20.mu_1e-8.r_1e-8.length_1e6.Free.RDS",18,7,20,1e-08,1e-08,1e+06,80000,105693.43857606
"376","OneTransition","results/esmc/demographic_scenario_18/rep_7.nsam_20.mu_1e-8.r_1e-8.length_1e6.OneTransition.RDS",18,7,20,1e-08,1e-08,1e+06,80000,105693.43857606
"377","Free","results/esmc/demographic_scenario_18/rep_8.nsam_20.mu_1e-8.r_1e-8.length_1e6.Free.RDS",18,8,20,1e-08,1e-08,1e+06,80000,83011.0270497651
"378","OneTransition","results/esmc/demographic_scenario_18/rep_8.nsam_20.mu_1e-8.r_1e-8.length_1e6.OneTransition.RDS",18,8,20,1e-08,1e-08,1e+06,80000,83011.0270497651
"379","Free","results/esmc/demographic_scenario_18/rep_9.nsam_20.mu_1e-8.r_1e-8.length_1e6.Free.RDS",18,9,20,1e-08,1e-08,1e+06,80000,164205.530345481
"380","OneTransition","results/esmc/demographic_scenario_18/rep_9.nsam_20.mu_1e-8.r_1e-8.length_1e6.OneTransition.RDS",18,9,20,1e-08,1e-08,1e+06,80000,71642.5317248101
"381","Free","results/esmc/demographic_scenario_19/rep_0.nsam_20.mu_1e-8.r_1e-8.length_1e6.Free.RDS",19,0,20,1e-08,1e-08,1e+06,90000,126002.375569828
"382","OneTransition","results/esmc/demographic_scenario_19/rep_0.nsam_20.mu_1e-8.r_1e-8.length_1e6.OneTransition.RDS",19,0,20,1e-08,1e-08,1e+06,90000,126002.375569828
"383","Free","results/esmc/demographic_scenario_19/rep_1.nsam_20.mu_1e-8.r_1e-8.length_1e6.Free.RDS",19,1,20,1e-08,1e-08,1e+06,90000,151610.520804539
"384","OneTransition","results/esmc/demographic_scenario_19/rep_1.nsam_20.mu_1e-8.r_1e-8.length_1e6.OneTransition.RDS",19,1,20,1e-08,1e-08,1e+06,90000,100143.072532849
"385","Free","results/esmc/demographic_scenario_19/rep_2.nsam_20.mu_1e-8.r_1e-8.length_1e6.Free.RDS",19,2,20,1e-08,1e-08,1e+06,90000,195553.667133679
"386","OneTransition","results/esmc/demographic_scenario_19/rep_2.nsam_20.mu_1e-8.r_1e-8.length_1e6.OneTransition.RDS",19,2,20,1e-08,1e-08,1e+06,90000,85319.6586744139
"387","Free","results/esmc/demographic_scenario_19/rep_3.nsam_20.mu_1e-8.r_1e-8.length_1e6.Free.RDS",19,3,20,1e-08,1e-08,1e+06,90000,150792.103120668
"388","OneTransition","results/esmc/demographic_scenario_19/rep_3.nsam_20.mu_1e-8.r_1e-8.length_1e6.OneTransition.RDS",19,3,20,1e-08,1e-08,1e+06,90000,99602.484313489
"389","Free","results/esmc/demographic_scenario_19/rep_4.nsam_20.mu_1e-8.r_1e-8.length_1e6.Free.RDS",19,4,20,1e-08,1e-08,1e+06,90000,170152.361896726
"390","OneTransition","results/esmc/demographic_scenario_19/rep_4.nsam_20.mu_1e-8.r_1e-8.length_1e6.OneTransition.RDS",19,4,20,1e-08,1e-08,1e+06,90000,112390.487339776
"391","Free","results/esmc/demographic_scenario_19/rep_5.nsam_20.mu_1e-8.r_1e-8.length_1e6.Free.RDS",19,5,20,1e-08,1e-08,1e+06,90000,104950.262298165
"392","OneTransition","results/esmc/demographic_scenario_19/rep_5.nsam_20.mu_1e-8.r_1e-8.length_1e6.OneTransition.RDS",19,5,20,1e-08,1e-08,1e+06,90000,104950.262298165
"393","Free","results/esmc/demographic_scenario_19/rep_6.nsam_20.mu_1e-8.r_1e-8.length_1e6.Free.RDS",19,6,20,1e-08,1e-08,1e+06,90000,90099.4416417692
"394","OneTransition","results/esmc/demographic_scenario_19/rep_6.nsam_20.mu_1e-8.r_1e-8.length_1e6.OneTransition.RDS",19,6,20,1e-08,1e-08,1e+06,90000,90099.4416417692
"395","Free","results/esmc/demographic_scenario_19/rep_7.nsam_20.mu_1e-8.r_1e-8.length_1e6.Free.RDS",19,7,20,1e-08,1e-08,1e+06,90000,261573.309381794
"396","OneTransition","results/esmc/demographic_scenario_19/rep_7.nsam_20.mu_1e-8.r_1e-8.length_1e6.OneTransition.RDS",19,7,20,1e-08,1e-08,1e+06,90000,75382.084802421
"397","Free","results/esmc/demographic_scenario_19/rep_8.nsam_20.mu_1e-8.r_1e-8.length_1e6.Free.RDS",19,8,20,1e-08,1e-08,1e+06,90000,109040.144366614
"398","OneTransition","results/esmc/demographic_scenario_19/rep_8.nsam_20.mu_1e-8.r_1e-8.length_1e6.OneTransition.RDS",19,8,20,1e-08,1e-08,1e+06,90000,109040.144366613
"399","Free","results/esmc/demographic_scenario_19/rep_9.nsam_20.mu_1e-8.r_1e-8.length_1e6.Free.RDS",19,9,20,1e-08,1e-08,1e+06,90000,101877.594717253
"400","OneTransition","results/esmc/demographic_scenario_19/rep_9.nsam_20.mu_1e-8.r_1e-8.length_1e6.OneTransition.RDS",19,9,20,1e-08,1e-08,1e+06,90000,101877.594717253
"401","Free","results/esmc/demographic_scenario_20/rep_0.nsam_20.mu_1e-8.r_1e-8.length_1e6.Free.RDS",20,0,20,1e-08,1e-08,1e+06,1e+05,195197.810979756
"402","OneTransition","results/esmc/demographic_scenario_20/rep_0.nsam_20.mu_1e-8.r_1e-8.length_1e6.OneTransition.RDS",20,0,20,1e-08,1e-08,1e+06,1e+05,128933.7206908
"403","Free","results/esmc/demographic_scenario_20/rep_1.nsam_20.mu_1e-8.r_1e-8.length_1e6.Free.RDS",20,1,20,1e-08,1e-08,1e+06,1e+05,132037.11833049
"404","OneTransition","results/esmc/demographic_scenario_20/rep_1.nsam_20.mu_1e-8.r_1e-8.length_1e6.OneTransition.RDS",20,1,20,1e-08,1e-08,1e+06,1e+05,132037.11833049
"405","Free","results/esmc/demographic_scenario_20/rep_2.nsam_20.mu_1e-8.r_1e-8.length_1e6.Free.RDS",20,2,20,1e-08,1e-08,1e+06,1e+05,197888.460228428
"406","OneTransition","results/esmc/demographic_scenario_20/rep_2.nsam_20.mu_1e-8.r_1e-8.length_1e6.OneTransition.RDS",20,2,20,1e-08,1e-08,1e+06,1e+05,86338.3240507231
"407","Free","results/esmc/demographic_scenario_20/rep_3.nsam_20.mu_1e-8.r_1e-8.length_1e6.Free.RDS",20,3,20,1e-08,1e-08,1e+06,1e+05,99092.8325499189
"408","OneTransition","results/esmc/demographic_scenario_20/rep_3.nsam_20.mu_1e-8.r_1e-8.length_1e6.OneTransition.RDS",20,3,20,1e-08,1e-08,1e+06,1e+05,99092.8325499189
"409","Free","results/esmc/demographic_scenario_20/rep_4.nsam_20.mu_1e-8.r_1e-8.length_1e6.Free.RDS",20,4,20,1e-08,1e-08,1e+06,1e+05,143767.699758081
"410","OneTransition","results/esmc/demographic_scenario_20/rep_4.nsam_20.mu_1e-8.r_1e-8.length_1e6.OneTransition.RDS",20,4,20,1e-08,1e-08,1e+06,1e+05,143767.699758081
"411","Free","results/esmc/demographic_scenario_20/rep_5.nsam_20.mu_1e-8.r_1e-8.length_1e6.Free.RDS",20,5,20,1e-08,1e-08,1e+06,1e+05,103509.378878813
"412","OneTransition","results/esmc/demographic_scenario_20/rep_5.nsam_20.mu_1e-8.r_1e-8.length_1e6.OneTransition.RDS",20,5,20,1e-08,1e-08,1e+06,1e+05,103509.378878813
"413","Free","results/esmc/demographic_scenario_20/rep_6.nsam_20.mu_1e-8.r_1e-8.length_1e6.Free.RDS",20,6,20,1e-08,1e-08,1e+06,1e+05,159761.118935741
"414","OneTransition","results/esmc/demographic_scenario_20/rep_6.nsam_20.mu_1e-8.r_1e-8.length_1e6.OneTransition.RDS",20,6,20,1e-08,1e-08,1e+06,1e+05,105526.775032568
"415","Free","results/esmc/demographic_scenario_20/rep_7.nsam_20.mu_1e-8.r_1e-8.length_1e6.Free.RDS",20,7,20,1e-08,1e-08,1e+06,1e+05,98363.3454013913
"416","OneTransition","results/esmc/demographic_scenario_20/rep_7.nsam_20.mu_1e-8.r_1e-8.length_1e6.OneTransition.RDS",20,7,20,1e-08,1e-08,1e+06,1e+05,98363.3454013913
"417","Free","results/esmc/demographic_scenario_20/rep_8.nsam_20.mu_1e-8.r_1e-8.length_1e6.Free.RDS",20,8,20,1e-08,1e-08,1e+06,1e+05,143794.557588446
"418","OneTransition","results/esmc/demographic_scenario_20/rep_8.nsam_20.mu_1e-8.r_1e-8.length_1e6.OneTransition.RDS",20,8,20,1e-08,1e-08,1e+06,1e+05,94980.405937486
"419","Free","results/esmc/demographic_scenario_20/rep_9.nsam_20.mu_1e-8.r_1e-8.length_1e6.Free.RDS",20,9,20,1e-08,1e-08,1e+06,1e+05,138140.031169029
"420","OneTransition","results/esmc/demographic_scenario_20/rep_9.nsam_20.mu_1e-8.r_1e-8.length_1e6.OneTransition.RDS",20,9,20,1e-08,1e-08,1e+06,1e+05,91245.4299849351
"421","Free","results/esmc/demographic_scenario_21/rep_0.nsam_20.mu_1e-8.r_1e-8.length_1e6.Free.RDS",21,0,20,1e-08,1e-08,1e+06,2e+05,211365.017796678
"422","OneTransition","results/esmc/demographic_scenario_21/rep_0.nsam_20.mu_1e-8.r_1e-8.length_1e6.OneTransition.RDS",21,0,20,1e-08,1e-08,1e+06,2e+05,211365.017796678
"423","Free","results/esmc/demographic_scenario_21/rep_1.nsam_20.mu_1e-8.r_1e-8.length_1e6.Free.RDS",21,1,20,1e-08,1e-08,1e+06,2e+05,Inf
"424","OneTransition","results/esmc/demographic_scenario_21/rep_1.nsam_20.mu_1e-8.r_1e-8.length_1e6.OneTransition.RDS",21,1,20,1e-08,1e-08,1e+06,2e+05,Inf
"425","Free","results/esmc/demographic_scenario_21/rep_2.nsam_20.mu_1e-8.r_1e-8.length_1e6.Free.RDS",21,2,20,1e-08,1e-08,1e+06,2e+05,Inf
"426","OneTransition","results/esmc/demographic_scenario_21/rep_2.nsam_20.mu_1e-8.r_1e-8.length_1e6.OneTransition.RDS",21,2,20,1e-08,1e-08,1e+06,2e+05,254626.744870971
"427","Free","results/esmc/demographic_scenario_21/rep_3.nsam_20.mu_1e-8.r_1e-8.length_1e6.Free.RDS",21,3,20,1e-08,1e-08,1e+06,2e+05,242809.010553528
"428","OneTransition","results/esmc/demographic_scenario_21/rep_3.nsam_20.mu_1e-8.r_1e-8.length_1e6.OneTransition.RDS",21,3,20,1e-08,1e-08,1e+06,2e+05,160382.275758025
"429","Free","results/esmc/demographic_scenario_21/rep_4.nsam_20.mu_1e-8.r_1e-8.length_1e6.Free.RDS",21,4,20,1e-08,1e-08,1e+06,2e+05,211277.006348926
"430","OneTransition","results/esmc/demographic_scenario_21/rep_4.nsam_20.mu_1e-8.r_1e-8.length_1e6.OneTransition.RDS",21,4,20,1e-08,1e-08,1e+06,2e+05,211277.006348926
"431","Free","results/esmc/demographic_scenario_21/rep_5.nsam_20.mu_1e-8.r_1e-8.length_1e6.Free.RDS",21,5,20,1e-08,1e-08,1e+06,2e+05,188163.396436821
"432","OneTransition","results/esmc/demographic_scenario_21/rep_5.nsam_20.mu_1e-8.r_1e-8.length_1e6.OneTransition.RDS",21,5,20,1e-08,1e-08,1e+06,2e+05,188163.396436821
"433","Free","results/esmc/demographic_scenario_21/rep_6.nsam_20.mu_1e-8.r_1e-8.length_1e6.Free.RDS",21,6,20,1e-08,1e-08,1e+06,2e+05,218570.78281615
"434","OneTransition","results/esmc/demographic_scenario_21/rep_6.nsam_20.mu_1e-8.r_1e-8.length_1e6.OneTransition.RDS",21,6,20,1e-08,1e-08,1e+06,2e+05,218570.78281615
"435","Free","results/esmc/demographic_scenario_21/rep_7.nsam_20.mu_1e-8.r_1e-8.length_1e6.Free.RDS",21,7,20,1e-08,1e-08,1e+06,2e+05,Inf
"436","OneTransition","results/esmc/demographic_scenario_21/rep_7.nsam_20.mu_1e-8.r_1e-8.length_1e6.OneTransition.RDS",21,7,20,1e-08,1e-08,1e+06,2e+05,Inf
"437","Free","results/esmc/demographic_scenario_21/rep_8.nsam_20.mu_1e-8.r_1e-8.length_1e6.Free.RDS",21,8,20,1e-08,1e-08,1e+06,2e+05,196216.855331927
"438","OneTransition","results/esmc/demographic_scenario_21/rep_8.nsam_20.mu_1e-8.r_1e-8.length_1e6.OneTransition.RDS",21,8,20,1e-08,1e-08,1e+06,2e+05,196216.855331927
"439","Free","results/esmc/demographic_scenario_21/rep_9.nsam_20.mu_1e-8.r_1e-8.length_1e6.Free.RDS",21,9,20,1e-08,1e-08,1e+06,2e+05,Inf
"440","OneTransition","results/esmc/demographic_scenario_21/rep_9.nsam_20.mu_1e-8.r_1e-8.length_1e6.OneTransition.RDS",21,9,20,1e-08,1e-08,1e+06,2e+05,Inf
